{"cameraMode":{"drawMode":0,"name":"Shaded","section":"Shading Mode"},"sceneLighting":true,"audioPlay":false,"sceneViewState":{"m_AlwaysRefresh":false,"showFog":true,"showSkybox":true,"showFlares":true,"showImageEffects":true,"showParticleSystems":true,"showVisualEffectGraphs":true,"m_FxEnabled":true},"in2DMode":false,"pivot":{"x":-11.119211196899414,"y":8.489275932312012,"z":-11.798717498779297},"rotation":{"x":0.18679417669773103,"y":0.42158299684524538,"z":-0.08919025957584381,"w":0.8828585743904114},"size":0.8660253882408142,"orthographic":false}